Feature,Coefficient,Odds_Ratio
numeric__age,0.46893616515863745,1.5982929687200305
numeric__fnlwgt,0.08441397211427958,1.0880792350494741
numeric__education_num,0.8625414503048858,2.3691741874322925
numeric__capital_gain,2.1806779281339894,8.852305451896711
numeric__capital_loss,0.6730132603941767,1.960134827454577
numeric__hours_per_week,0.2659046240508212,1.3046106242763982
numeric__has_capital_gain,-4.755989655673726,0.00860002941247126
numeric__log_capital_gain,4.882601090130935,131.97349277772682
numeric__is_higher_ed,0.11790937877810713,1.125142144991271
numeric__edu_x_hours,-0.26397931972356065,0.7679894217260266
numeric__is_married,1.1379706325785468,3.1204294375135535
numeric__has_capital_loss,-0.4320397006467661,0.6491836031646224
categorical__workclass_Federal-gov,0.5234964743911721,1.6879191099691953
categorical__workclass_Local-gov,-0.08097493614450907,0.9222168054636871
categorical__workclass_Never-worked,-0.2058595210573928,0.8139474107235384
categorical__workclass_Private,0.04877470365854944,1.0499837665890621
categorical__workclass_Self-emp-inc,0.2973283990015143,1.3462573364269377
categorical__workclass_Self-emp-not-inc,-0.32463432227226424,0.7227916141171192
categorical__workclass_State-gov,-0.19638396901228652,0.821696668040132
categorical__workclass_Without-pay,-0.8771688451412406,0.41595889024052607
categorical__education_10th,0.025949350812072818,1.0262889664543002
categorical__education_11th,-0.1516717132102766,0.859270321538819
categorical__education_12th,-0.16732341611810808,0.8459259809943618
categorical__education_1st-4th,0.42236273016846687,1.5255617916195894
categorical__education_5th-6th,0.5152436781327605,1.6740463805961174
categorical__education_7th-8th,0.1523651871832429,1.1645854504663304
categorical__education_9th,0.10279223178020123,1.1082611237130997
categorical__education_Assoc-acdm,-0.35723886851088893,0.6996053640823942
categorical__education_Assoc-voc,-0.060713229001016535,0.9410930792855707
categorical__education_Bachelors,-0.26448854368507635,0.7675984426666945
categorical__education_Doctorate,0.11277348908090272,1.1193783528108223
categorical__education_HS-grad,-0.03504664793017941,0.9655603738141045
categorical__education_Masters,-0.1912805524197106,0.8259008471638537
categorical__education_Preschool,-1.171539913077846,0.3098893709564546
categorical__education_Prof-school,0.1918766896819176,1.2115211146996523
categorical__education_Some-college,0.06051751053707385,1.0623862003604003
categorical__marital_status_Divorced,-0.24705042476003555,0.7811013056924206
categorical__marital_status_Married-AF-spouse,0.42556759206633604,1.5304588494839468
categorical__marital_status_Married-civ-spouse,-0.23396621792278743,0.791388550193119
categorical__marital_status_Married-spouse-absent,-0.21007499580609038,0.8105234578307127
categorical__marital_status_Never-married,-0.47557099493244825,0.6215300646081339
categorical__marital_status_Separated,-0.35114711660675463,0.703880193772434
categorical__marital_status_Widowed,0.2768201413853068,1.318929128934572
categorical__occupation_Adm-clerical,0.10037109277310352,1.105581115122262
categorical__occupation_Armed-Forces,-0.32486971756515537,0.7226214923971265
categorical__occupation_Craft-repair,0.10378245673601899,1.109359095064962
categorical__occupation_Exec-managerial,0.8205467185527823,2.2717415013070568
categorical__occupation_Farming-fishing,-0.8098770148383412,0.4449127805285857
categorical__occupation_Handlers-cleaners,-0.4996842316313521,0.6067222131512525
categorical__occupation_Machine-op-inspct,-0.19481593445162193,0.8229861275083042
categorical__occupation_Other-service,-0.6657298686743083,0.5138983125142971
categorical__occupation_Priv-house-serv,-1.5146450971753205,0.21988620923817115
categorical__occupation_Prof-specialty,0.4094358009500313,1.5059678797304668
categorical__occupation_Protective-serv,0.688870991493168,1.991465881622718
categorical__occupation_Sales,0.3698743320131803,1.4475526922000048
categorical__occupation_Tech-support,0.7328613247676252,2.081026589847976
categorical__occupation_Transport-moving,-0.0315428695262748,0.9689494171608632
categorical__relationship_Husband,-0.4165632768251405,0.6593087925083122
categorical__relationship_Not-in-family,0.16187722059430407,1.1757158787619448
categorical__relationship_Other-relative,-0.7037896640336097,0.4947069736939964
categorical__relationship_Own-child,-0.8265040783843919,0.4375763481360159
categorical__relationship_Unmarried,-0.020209591133678373,0.9799932538833838
categorical__relationship_Wife,0.989767373206082,2.6906084919150115
categorical__race_Amer-Indian-Eskimo,-0.47324885020156177,0.6229750244263539
categorical__race_Asian-Pac-Islander,0.07353442595486145,1.0763055888817292
categorical__race_Black,-0.16115659167375165,0.8511587762935863
categorical__race_Other,-0.3480180818999578,0.706086108720575
categorical__race_White,0.0934670812439375,1.0979744587930143
categorical__sex_Female,-0.8310640087737509,0.43558557279647936
categorical__sex_Male,0.015641992197295795,1.0157649685187944
categorical__native_country_Cambodia,1.1939521164957698,3.3000978399273793
categorical__native_country_Canada,0.3522313079948839,1.4222374605695023
categorical__native_country_China,-0.47287445216631446,0.6232083087193727
categorical__native_country_Columbia,-1.4199725236836955,0.2417206583990615
categorical__native_country_Cuba,0.3994205894266999,1.4909605690047563
categorical__native_country_Dominican-Republic,-1.2624754606213544,0.2829527205128866
categorical__native_country_Ecuador,-0.161617212923625,0.8507668047563495
categorical__native_country_El-Salvador,-0.3659487234763888,0.6935383625342392
categorical__native_country_England,0.4175022451287278,1.5181648123700904
categorical__native_country_France,0.576940640743703,1.7805826474008652
categorical__native_country_Germany,0.5174829722318149,1.677799263113351
categorical__native_country_Greece,-0.7178433961901023,0.48780312047156366
categorical__native_country_Guatemala,0.008397947808697303,1.0084333094916047
categorical__native_country_Haiti,0.09481579535004245,1.0994563115069327
categorical__native_country_Holand-Netherlands,-0.015521365367486502,0.9845984702188643
categorical__native_country_Honduras,-0.2272247460879131,0.7967416975869903
categorical__native_country_Hong,0.048914638746232086,1.0501307064402858
categorical__native_country_Hungary,0.3297461167871146,1.3906150298311089
categorical__native_country_India,-0.1566720284565558,0.8549844234003329
categorical__native_country_Iran,0.11034629129468815,1.1166646947755765
categorical__native_country_Ireland,0.9287174473665526,2.531260619866061
categorical__native_country_Italy,0.7258252715695562,2.066435767151999
categorical__native_country_Jamaica,0.19356921968987817,1.21357338681771
categorical__native_country_Japan,0.4002123493009793,1.492141519210227
categorical__native_country_Laos,-0.1754788561707126,0.8390551378245075
categorical__native_country_Mexico,-0.5221353608419094,0.5932523865453487
categorical__native_country_Nicaragua,-0.5151359387144718,0.5974193766759653
categorical__native_country_Outlying-US(Guam-USVI-etc),-0.6404181602039694,0.5270719774296718
categorical__native_country_Peru,-0.4019468472481752,0.669016304802922
categorical__native_country_Philippines,0.6384166311431286,1.8934804265815661
categorical__native_country_Poland,0.14055477214561465,1.1509121157645124
categorical__native_country_Portugal,0.13858764535229054,1.1486503510231836
categorical__native_country_Puerto-Rico,-0.2259412284789937,0.7977649861495661
categorical__native_country_Scotland,-0.06380302002150591,0.9381897859343779
categorical__native_country_South,-0.7502669702107341,0.47224046177490053
categorical__native_country_Taiwan,0.1893942965340065,1.208517372762664
categorical__native_country_Thailand,-0.1805728405994434,0.8347918717419419
categorical__native_country_Trinadad&Tobago,-0.23487790963279961,0.7906673766064518
categorical__native_country_United-States,0.26702303057670396,1.3060705255417016
categorical__native_country_Vietnam,-0.6857519373299306,0.5037113277866073
categorical__native_country_Yugoslavia,0.7090056361625587,2.031969736524295
categorical__age_bucket_25-34,0.24728893115090278,1.280549049843284
categorical__age_bucket_35-44,0.5514302902946026,1.7357338465666217
categorical__age_bucket_45-54,0.5626871015114253,1.7553830610607437
categorical__age_bucket_55-64,-0.03873437031360203,0.9620062126187816
categorical__age_bucket_65+,-1.118164756981071,0.32687914714888433
categorical__age_bucket_<25,-1.0199292122387438,0.3606204667850887
categorical__hours_bin_extreme,0.29624186330014574,1.344795374148613
categorical__hours_bin_overtime,0.3951099513496104,1.4845474099389575
categorical__hours_bin_part-time,-0.531186351823272,0.5879070911459763
categorical__hours_bin_reduced,-0.9484954037275956,0.38732335053049416
categorical__hours_bin_standard,-0.027092075675420987,0.9732716227565125
